Mozilla/5.0 (Linux; Android 6.0.1; RedMi Note 5 Build/RB3N5C; wv) AppleWebKit/537.36 (KHTML, like Gecko) Version/4.0 Chrome/68.0.3440.91 Mobile Safari/537.36
Mozilla/5.0 (Linux; Android 7.1.2; AFTMM Build/NS6265; wv) AppleWebKit/537.36 (KHTML, like Gecko) Version/4.0 Chrome/70.0.3538.110 Mobile Safari/537.36
Mozilla/5.0 (Linux; Android 6.0; LG-H631 Build/MRA58K) AppleWebKit/537.36 (KHTML, like Gecko) Version/4.0 Chrome/38.0.2125.102 Mobile Safari/537.36
Mozilla/5.0 (Linux; Android 7.1.2; AFTMM Build/NS6264; wv) AppleWebKit/537.36 (KHTML, like Gecko) Version/4.0 Chrome/59.0.3071.125 Mobile Safari/537.36
Mozilla/5.0 (Linux; Android 9; SM-G960F Build/PPR1.180610.011; wv) AppleWebKit/537.36 (KHTML, like Gecko) Version/4.0 Chrome/74.0.3729.157 Mobile Safari/537.36
Mozilla/5.0 (Linux; Android 7.0; SM-G892A Build/NRD90M; wv) AppleWebKit/537.36 (KHTML, like Gecko) Version/4.0 Chrome/68.0.3440.1805 Mobile Safari/537.36
Mozilla/5.0 (Linux; Android 6.0.1; SM-G532G Build/MMB29T) AppleWebKit/537.36 (KHTML, like Gecko) Chrome/63.0.3239.83 Mobile Safari/537.36
Mozilla/5.0 (Linux; Android 9; SM-G950F Build/PPR1.180610.011; wv) AppleWebKit/537.36 (KHTML, like Gecko) Version/4.0 Chrome/74.0.3729.157 Mobile Safari/537.36
Mozilla/5.0 (Linux; Android 6.0; vivo 1713 Build/MRA58K) AppleWebKit/537.36 (KHTML, like Gecko) Chrome/53.0.2785.124 Mobile Safari/537.36
Mozilla/5.0 (Linux; Android 7.1.1; SM-T555 Build/NMF26X; wv) AppleWebKit/537.36 (KHTML, like Gecko) Version/4.0 Chrome/83.0.4103.96 Safari/537.36
Mozilla/5.0 (Linux; Android 7.0; SM-G610M Build/NRD90M) AppleWebKit/537.36 (KHTML, like Gecko) Chrome/69.0.3497.100 Mobile Safari/537.36
Mozilla/5.0 (Linux; Android 7.1; Mi A1 Build/N2G47H) AppleWebKit/537.36 (KHTML, like Gecko) Chrome/58.0.3029.83 Mobile Safari/537.36
Mozilla/5.0 (Linux; Android 7.0; SM-G570M Build/NRD90M) AppleWebKit/537.36 (KHTML, like Gecko) Chrome/69.0.3497.100 Mobile Safari/537.36
Mozilla/5.0 (Linux; Android 8.0.0; SM-G930F Build/R16NW; wv) AppleWebKit/537.36 (KHTML, like Gecko) Version/4.0 Chrome/74.0.3729.157 Mobile Safari/537.36
Mozilla/5.0 (Linux; Android 6.0; Nexus 5 Build/MRA58N) AppleWebKit/537.36 (KHTML, like Gecko) Chrome/65.0.3325.181 Mobile Safari/537.36
Mozilla/5.0 (Linux; Android 7.1.2; DSCS9 Build/NHG47L; wv) AppleWebKit/537.36 (KHTML, like Gecko) Version/4.0 Chrome/80.0.3987.149 Safari/537.36
Mozilla/5.0 (Linux; Android 5.1; A37f Build/LMY47V) AppleWebKit/537.36 (KHTML, like Gecko) Chrome/43.0.2357.93 Mobile Safari/537.36
Mozilla/5.0 (Linux; Android 9; SM-G965F Build/PPR1.180610.011; wv) AppleWebKit/537.36 (KHTML, like Gecko) Version/4.0 Chrome/74.0.3729.157 Mobile Safari/537.36
Mozilla/5.0 (Linux; Android 6.0.1; CPH1607 Build/MMB29M; wv) AppleWebKit/537.36 (KHTML, like Gecko) Version/4.0 Chrome/63.0.3239.111 Mobile Safari/537.36
Mozilla/5.0 (Linux; Android 6.0.1; SM-G532M Build/MMB29T) AppleWebKit/537.36 (KHTML, like Gecko) Chrome/69.0.3497.100 Mobile Safari/537.36
Mozilla/5.0 (Linux; Android 5.1.1; Lenovo-A6020l36 Build/LMY47V) AppleWebKit/537.36 (KHTML, like Gecko) Chrome/43.0.2357.93 Mobile Safari/537.36
Mozilla/5.0 (Linux; Android 6.0.1; vivo 1603 Build/MMB29M) AppleWebKit/537.36 (KHTML, like Gecko) Chrome/58.0.3029.83 Mobile Safari/537.36
Mozilla/5.0 (Linux; Android 7.1.2; vivo y35 Build/N2G48B; wv) AppleWebKit/537.36 (KHTML, like Gecko) Version/4.0 Chrome/66.0.3359.158 Mobile Safari/537.36
Mozilla/5.0 (Linux; Android 11; SM-A102U) AppleWebKit/537.36 (KHTML, like Gecko) Chrome/89.0.4389.72 Mobile Safari/537.36
Mozilla/5.0 (Linux; Android 4.3; MediaPad 7 Youth 2 Build/HuaweiMediaPad) AppleWebKit/537.36 (KHTML, like Gecko) Chrome/58.0.3029.83 Safari/537.36
Mozilla/5.0 (Linux; Android 6.0.1; Lenovo-A6020l36 Build/MMB29M) AppleWebKit/537.36 (KHTML, like Gecko) Chrome/43.0.2357.93 Mobile Safari/537.36
Mozilla/5.0 (Linux; Android 6.0.1; Redmi 4A Build/MMB29M; wv) AppleWebKit/537.36 (KHTML, like Gecko) Version/4.0 Chrome/60.0.3112.116 Mobile Safari/537.36
Mozilla/5.0 (Linux; Android 6.0.1; SM-J700M Build/MMB29K) AppleWebKit/537.36 (KHTML, like Gecko) Chrome/69.0.3497.100 Mobile Safari/537.36
Mozilla/5.0 (Linux; Android 7.0; SM-G570M Build/NRD90M) AppleWebKit/537.36 (KHTML, like Gecko) Chrome/67.0.3396.87 Mobile Safari/537.36
Mozilla/5.0 (Linux; Android 6.0; vivo 1606 Build/MMB29M) AppleWebKit/537.36 (KHTML, like Gecko) Chrome/53.0.2785.124 Mobile Safari/537.36
Mozilla/5.0 (Linux; Android 9; SM-A102U) AppleWebKit/537.36 (KHTML, like Gecko) Chrome/74.0.3729.136 Mobile Safari/537.36
Mozilla/5.0 (Linux; Android 7.1; vivo 1716 Build/N2G47H) AppleWebKit/537.36 (KHTML, like Gecko) Chrome/61.0.3163.98 Mobile Safari/537.36
Mozilla/5.0 (Linux; Android 6.0; MYA-L22 Build/HUAWEIMYA-L22) AppleWebKit/537.36 (KHTML, like Gecko) Chrome/62.0.3202.84 Mobile Safari/537.36
Mozilla/5.0 (Linux; Android 5.1; A1601 Build/LMY47I) AppleWebKit/537.36 (KHTML, like Gecko) Chrome/52.0.2743.98 Mobile Safari/537.36
Mozilla/5.0 (Linux; Android 4.4.2; de-de; SAMSUNG GT-I9195 Build/KOT49H) AppleWebKit/537.36 (KHTML, like Gecko) Version/1.5 Chrome/28.0.1500.94 Mobile Safari/537.36
Mozilla/5.0 (Linux; Android 10; HD1911) AppleWebKit/537.36 (KHTML, like Gecko) Version/4.0 Chrome/78.0.3904.90 Mobile Safari/537.36
Mozilla/5.0 (Linux; Android 6.0; CAM-L21 Build/HUAWEICAM-L21; wv) AppleWebKit/537.36 (KHTML, like Gecko) Version/4.0 Chrome/62.0.3202.84 Mobile Safari/537.36
Mozilla/5.0 (Linux; Android 6.0.1; SM-J500M Build/MMB29M) AppleWebKit/537.36 (KHTML, like Gecko) Chrome/69.0.3497.100 Mobile Safari/537.36
Mozilla/5.0 (Linux; Android 7.1.2; Redmi 4X Build/N2G47H) AppleWebKit/537.36 (KHTML, like Gecko) Chrome/63.0.3239.111 Mobile Safari/537.36
Mozilla/5.0 (Linux; Android 6.0.1; SM-G532M Build/MMB29T) AppleWebKit/537.36 (KHTML, like Gecko) Chrome/55.0.2883.91 Mobile Safari/537.36
Mozilla/5.0 (Linux; Android 9; LM-Q720) AppleWebKit/537.36 (KHTML, like Gecko) Chrome/74.0.3729.136 Mobile Safari/537.36
Mozilla/5.0 (Linux; Android 4.4.2; SM-G7102 Build/KOT49H) AppleWebKit/537.36 (KHTML, like Gecko) Chrome/62.0.3202.84 Mobile Safari/537.36
Mozilla/5.0 (Linux; Android 4.4.2; P1 Build/KOT49H) AppleWebKit/537.36 (KHTML, like Gecko) Chrome/53.0.2785.143 Crosswalk/23.53.589.4 Safari/537.36
Mozilla/5.0 (Linux; Android 7.0; Moto G (4) Build/NPJS25.93-14-18) AppleWebKit/537.36 (KHTML, like Gecko) Chrome/67.0.3396.87 Mobile Safari/537.36
Mozilla/5.0 (Linux; Android 7.0; SM-G610F Build/NRD90M) AppleWebKit/537.36 (KHTML, like Gecko) Chrome/63.0.3239.111 Mobile Safari/537.36
Mozilla/5.0 (Linux; Android 5.1.1; A37fw Build/LMY47V) AppleWebKit/537.36 (KHTML, like Gecko) Chrome/62.0.3202.84 Mobile Safari/537.36
Mozilla/5.0 (Linux; Android 5.1; HUAWEI CUN-L22 Build/HUAWEICUN-L22; wv) AppleWebKit/537.36 (KHTML, like Gecko) Version/4.0 Chrome/62.0.3202.84 Mobile Safari/537.36
Mozilla/5.0 (Linux; Android 7.0; Redmi Note 4 Build/NRD90M) AppleWebKit/537.36 (KHTML, like Gecko) Chrome/63.0.3239.111 Mobile Safari/537.36
Mozilla/5.0 (Linux; Android 7.0; SM-J730GM Build/NRD90M) AppleWebKit/537.36 (KHTML, like Gecko) Chrome/63.0.3239.111 Mobile Safari/537.36
Mozilla/5.0 (Linux; Android 7.1.1; CPH1723 Build/N6F26Q) AppleWebKit/537.36 (KHTML, like Gecko) Chrome/61.0.3163.98 Mobile Safari/537.36
Mozilla/5.0 (Linux; Android 7.1.2; Redmi Note 5A Build/N2G47H; wv) AppleWebKit/537.36 (KHTML, like Gecko) Version/4.0 Chrome/63.0.3239.111 Mobile Safari/537.36
Mozilla/5.0 (Linux; Android 7.0; BLL-L22 Build/HUAWEIBLL-L22) AppleWebKit/537.36 (KHTML, like Gecko) Chrome/55.0.2883.91 Mobile Safari/537.36
Mozilla/5.0 (Linux; Android 7.0; SM-J710F Build/NRD90M) AppleWebKit/537.36 (KHTML, like Gecko) Chrome/62.0.3202.84 Mobile Safari/537.36
Mozilla/5.0 (Linux; Android 8.0.0; FIG-LX3 Build/HUAWEIFIG-LX3) AppleWebKit/537.36 (KHTML, like Gecko) Chrome/69.0.3497.100 Mobile Safari/537.36
Mozilla/5.0 (Linux; Android 6.0.1; SM-J700M Build/MMB29K) AppleWebKit/537.36 (KHTML, like Gecko) Chrome/67.0.3396.87 Mobile Safari/537.36
Mozilla/5.0 (Linux; Android 6.0.1; SM-J500M Build/MMB29M) AppleWebKit/537.36 (KHTML, like Gecko) Chrome/58.0.3029.83 Mobile Safari/537.36
Mozilla/5.0 (Linux; Android 7.0; SM-G610M) AppleWebKit/537.36 (KHTML, like Gecko) Chrome/70.0.3538.80 Mobile Safari/537.36
Mozilla/5.0 (Linux; Android 6.0.1; SM-J500M Build/MMB29M) AppleWebKit/537.36 (KHTML, like Gecko) Chrome/63.0.3239.111 Mobile Safari/537.36
Mozilla/5.0 (Linux; Android 9; SM-A205U) AppleWebKit/537.36 (KHTML, like Gecko) Chrome/74.0.3729.136 Mobile Safari/537.36
Mozilla/5.0 (Linux; Android 6.0.1; SM-J500M Build/MMB29M) AppleWebKit/537.36 (KHTML, like Gecko) Chrome/67.0.3396.87 Mobile Safari/537.36
Mozilla/5.0 (Linux; Android 7.0; Moto G (5) Plus Build/NPNS25.137-92-14) AppleWebKit/537.36 (KHTML, like Gecko) Chrome/68.0.3440.91 Mobile Safari/537.36
Mozilla/5.0 (Linux; Android 7.1.1; Moto G (5S) Build/NPPS26.102-49-11) AppleWebKit/537.36 (KHTML, like Gecko) Chrome/68.0.3440.91 Mobile Safari/537.36
Mozilla/5.0 (Linux; Android 7.0; SM-G610M Build/NRD90M) AppleWebKit/537.36 (KHTML, like Gecko) Chrome/67.0.3396.87 Mobile Safari/537.36
Mozilla/5.0 (Linux; Android 6.0.1; LGLS755) AppleWebKit/537.36 (KHTML, like Gecko) Chrome/85.0.4183.101 Mobile Safari/537.36
Mozilla/5.0 (Linux; Android 7.0; SM-G610M Build/NRD90M) AppleWebKit/537.36 (KHTML, like Gecko) Chrome/68.0.3440.91 Mobile Safari/537.36
Mozilla/5.0 (Linux; Android 4.4.4; DL Build/DL3188) AppleWebKit/537.36 (KHTML, like Gecko) Version/4.0 Chrome/33.0.0.0 Safari/537.36
Mozilla/5.0 (Linux; Android 7.0; SM-G570M Build/NRD90M) AppleWebKit/537.36 (KHTML, like Gecko) Chrome/68.0.3440.91 Mobile Safari/537.36
Mozilla/5.0 (Linux; Android 8.0.0; WAS-LX3 Build/HUAWEIWAS-LX3) AppleWebKit/537.36 (KHTML, like Gecko) Chrome/69.0.3497.100 Mobile Safari/537.36
Mozilla/5.0 (Linux; Android 7.1.1; Moto G (5S) Build/NPPS26.102-49-11) AppleWebKit/537.36 (KHTML, like Gecko) Chrome/67.0.3396.87 Mobile Safari/537.36
Mozilla/5.0 (Linux; Android 7.1.2; AFTMM Build/NS6268; wv) AppleWebKit/537.36 (KHTML, like Gecko) Version/4.0 Chrome/70.0.3538.110 Mobile Safari/537.36
Mozilla/5.0 (Linux; Android 7.0; TRT-LX3 Build/HUAWEITRT-LX3) AppleWebKit/537.36 (KHTML, like Gecko) Chrome/69.0.3497.100 Mobile Safari/537.36
Mozilla/5.0 (Linux; Android 7.0; SM-G570M) AppleWebKit/537.36 (KHTML, like Gecko) Chrome/70.0.3538.80 Mobile Safari/537.36
Mozilla/5.0 (Linux; Android 6.0; vivo 1610 Build/MMB29M) AppleWebKit/537.36 (KHTML, like Gecko) Chrome/53.0.2785.124 Mobile Safari/537.36
Mozilla/5.0 (Linux; Android 4.4.2; de-de; SAMSUNG GT-I9301I Build/KOT49H) AppleWebKit/537.36 (KHTML, like Gecko) Version/1.5 Chrome/28.0.1500.94 Mobile Safari/537.36
Mozilla/5.0 (Linux; Android 6.0.1; SM-G610M Build/MMB29K) AppleWebKit/537.36 (KHTML, like Gecko) Chrome/65.0.3325.109 Mobile Safari/537.36
Mozilla/5.0 (Linux; Android 6.0; MotoG3 Build/MPIS24.65-33.1-2-16) AppleWebKit/537.36 (KHTML, like Gecko) Chrome/67.0.3396.87 Mobile Safari/537.36
Mozilla/5.0 (Linux; Android 8.0.0; ANE-LX3 Build/HUAWEIANE-LX3) AppleWebKit/537.36 (KHTML, like Gecko) Chrome/69.0.3497.100 Mobile Safari/537.36
Mozilla/5.0 (Linux; Android 8.1.0; SM-J260T1 Build/M1AJQ) AppleWebKit/537.36 (KHTML, like Gecko) Chrome/69.0.3497.100 Mobile Safari/537.36
Mozilla/5.0 (Linux; Android 7.1.1; Moto G Play Build/NPIS26.48-43-2) AppleWebKit/537.36 (KHTML, like Gecko) Chrome/69.0.3497.100 Mobile Safari/537.36
Mozilla/5.0 (Linux; Android 9; SM-G960U) AppleWebKit/537.36 (KHTML, like Gecko) Chrome/79.0.3945.93 Mobile Safari/537.36
Mozilla/5.0 (Linux; Android 9; moto g(7) power) AppleWebKit/537.36 (KHTML, like Gecko) Chrome/73.0.3683.90 Mobile Safari/537.36
Mozilla/5.0 (Linux; Android 7.0; Moto G (5) Build/NPPS25.137-93-14) AppleWebKit/537.36 (KHTML, like Gecko) Chrome/69.0.3497.100 Mobile Safari/537.36
Mozilla/5.0 (Linux; Android 7.1.1; Moto E (4) Plus Build/NMA26.42-162) AppleWebKit/537.36 (KHTML, like Gecko) Chrome/69.0.3497.100 Mobile Safari/537.36
Mozilla/5.0 (Linux; Android 7.0; Moto G (4)) AppleWebKit/537.36 (KHTML, like Gecko) Chrome/70.0.3538.80 Mobile Safari/537.36
Mozilla/5.0 (Linux; Android 8.1.0; Moto G (5)) AppleWebKit/537.36 (KHTML, like Gecko) Chrome/70.0.3538.80 Mobile Safari/537.36
Mozilla/5.0 (Linux; Android 6.0.1; SM-J500M Build/MMB29M) AppleWebKit/537.36 (KHTML, like Gecko) Chrome/68.0.3440.91 Mobile Safari/537.36
Mozilla/5.0 (Linux; Android 10; SM-T515 Build/QP1A.190711.020; wv) AppleWebKit/537.36 (KHTML, like Gecko) Version/4.0 Chrome/86.0.4240.198 Safari/537.36
Mozilla/5.0 (Linux; Android 6.0.1; SM-J500M Build/MMB29M) AppleWebKit/537.36 (KHTML, like Gecko) Chrome/64.0.3282.137 Mobile Safari/537.36
Mozilla/5.0 (Linux; Android 7.0; Moto C Build/NRD90M.059) AppleWebKit/537.36 (KHTML, like Gecko) Chrome/69.0.3497.100 Mobile Safari/537.36
Mozilla/5.0 (Linux; Android 6.0.1; SM-G532M Build/MMB29T; wv) AppleWebKit/537.36 (KHTML, like Gecko) Version/4.0 Chrome/55.0.2883.91 Mobile Safari/537.36
Mozilla/5.0 (Linux; Android 9; F1) AppleWebKit/537.36 (KHTML, like Gecko) Chrome/86.0.4240.75 Mobile Safari/537.36
Mozilla/5.0 (Linux; Android 6.0.1; SM-G532F Build/MMB29T) AppleWebKit/537.36 (KHTML, like Gecko) Chrome/56.0.2924.87 Mobile Safari/537.36
Mozilla/5.0 (Linux; Android 7.0; Moto G (4) Build/NPJS25.93-14-18) AppleWebKit/537.36 (KHTML, like Gecko) Chrome/69.0.3497.100 Mobile Safari/537.36
Mozilla/5.0 (Linux; Android 9; SM-N960U) AppleWebKit/537.36 (KHTML, like Gecko) Chrome/79.0.3945.93 Mobile Safari/537.36
Mozilla/5.0 (Linux; Android 7.0; Moto G (5)) AppleWebKit/537.36 (KHTML, like Gecko) Chrome/70.0.3538.80 Mobile Safari/537.36
Mozilla/5.0 (Linux; Android 7.1.1; Moto G (5S) Plus Build/NPSS26.116-64-11) AppleWebKit/537.36 (KHTML, like Gecko) Chrome/68.0.3440.91 Mobile Safari/537.36
Mozilla/5.0 (Linux; Android 5.1.1; SlimTab7_3GR Build/LMY47V) AppleWebKit/537.36 (KHTML, like Gecko) Version/4.0 Chrome/39.0.0.0 Safari/537.36
Mozilla/5.0 (Linux; Android 5.1.1; SM-J120M Build/LMY47X) AppleWebKit/537.36 (KHTML, like Gecko) Chrome/69.0.3497.100 Mobile Safari/537.36
Mozilla/5.0 (Linux; Android 7.0; SM-J710MN Build/NRD90M) AppleWebKit/537.36 (KHTML, like Gecko) Chrome/69.0.3497.100 Mobile Safari/537.36
Mozilla/5.0 (Linux; Android 9; LM-Q720) AppleWebKit/537.36 (KHTML, like Gecko) Chrome/78.0.3904.108 Mobile Safari/537.36
Mozilla/5.0 (Linux; Android 6.0.1; SM-J700M Build/MMB29K) AppleWebKit/537.36 (KHTML, like Gecko) Chrome/66.0.3359.158 Mobile Safari/537.36
Mozilla/5.0 (Linux; Android 7.0; SM-J710MN Build/NRD90M) AppleWebKit/537.36 (KHTML, like Gecko) Chrome/69.0.3497.100 Mobile Safari/537.36
Mozilla/5.0 (Linux; Android 9; LM-Q720) AppleWebKit/537.36 (KHTML, like Gecko) Chrome/78.0.3904.108 Mobile Safari/537.36
Mozilla/5.0 (Linux; Android 6.0.1; SM-J700M Build/MMB29K) AppleWebKit/537.36 (KHTML, like Gecko) Chrome/66.0.3359.158 Mobile Safari/537.36
Mozilla/5.0 (Linux; Android 6.0.1; SM-J700M) AppleWebKit/537.36 (KHTML, like Gecko) Chrome/70.0.3538.80 Mobile Safari/537.36
Mozilla/5.0 (Linux; Android 9; LM-Q720) AppleWebKit/537.36 (KHTML, like Gecko) Chrome/79.0.3945.93 Mobile Safari/537.36
Mozilla/5.0 (Linux; Android 9; SM-N960U) AppleWebKit/537.36 (KHTML, like Gecko) Chrome/78.0.3904.108 Mobile Safari/537.36
Mozilla/5.0 (Linux; Android 8.0.0; moto g(6) play Build/OPP27.91-87) AppleWebKit/537.36 (KHTML, like Gecko) Chrome/69.0.3497.100 Mobile Safari/537.36
Mozilla/5.0 (Linux; Android 7.0; Moto G (4) Build/NPJS25.93-14-18) AppleWebKit/537.36 (KHTML, like Gecko) Chrome/68.0.3440.91 Mobile Safari/537.36
Mozilla/5.0 (Linux; Android 6.0; CAM-L03 Build/HUAWEICAM-L03) AppleWebKit/537.36 (KHTML, like Gecko) Chrome/69.0.3497.100 Mobile Safari/537.36
Mozilla/5.0 (Linux; Android 7.0; LG-M250 Build/NRD90U) AppleWebKit/537.36 (KHTML, like Gecko) Chrome/67.0.3396.87 Mobile Safari/537.36
Mozilla/5.0 (Linux; Android 9; SM-A105M) AppleWebKit/537.36 (KHTML, like Gecko) Chrome/79.0.3945.136 Mobile Safari/537.36
Mozilla/5.0 (Linux; Android 9; moto e6) AppleWebKit/537.36 (KHTML, like Gecko) Chrome/74.0.3729.136 Mobile Safari/537.36
Mozilla/5.0 (Linux; Android 4.4.2; Nexus 4 Build/KOT49H) AppleWebKit/537.36 (KHTML, like Gecko) Chrome/34.0.1847.114 Mobile Safari/537.36
Mozilla/5.0 (Linux; Android 6.0.1; SM-G900I Build/MMB29M; wv) AppleWebKit/537.36 (KHTML, like Gecko) Version/4.0 Chrome/74.0.3729.157 Mobile Safari/537.36
Mozilla/5.0 (Linux; Android 7.0; Moto G (4) Build/NPJS25.93-14-15) AppleWebKit/537.36 (KHTML, like Gecko) Chrome/65.0.3325.109 Mobile Safari/537.36
Mozilla/5.0 (Linux; Android 6.0.1; SM-G532M Build/MMB29T) AppleWebKit/537.36 (KHTML, like Gecko) Chrome/68.0.3440.91 Mobile Safari/537.36
Mozilla/5.0 (Linux; Android 8.0.0; SM-G950F Build/R16NW) AppleWebKit/537.36 (KHTML, like Gecko) Chrome/69.0.3497.100 Mobile Safari/537.36
Mozilla/5.0 (Linux; Android 9; SM-G960U) AppleWebKit/537.36 (KHTML, like Gecko) Chrome/78.0.3904.108 Mobile Safari/537.36
Mozilla/5.0 (Linux; Android 8.0.0; FIG-LX3) AppleWebKit/537.36 (KHTML, like Gecko) Chrome/70.0.3538.80 Mobile Safari/537.36
Mozilla/5.0 (Linux; Android 9; SM-G950U) AppleWebKit/537.36 (KHTML, like Gecko) Chrome/79.0.3945.93 Mobile Safari/537.36
Mozilla/5.0 (Linux; Android 7.1.1; Moto G (5S) Plus Build/NPSS26.116-64-11) AppleWebKit/537.36 (KHTML, like Gecko) Chrome/67.0.3396.87 Mobile Safari/537.36
Mozilla/5.0 (Linux; Android 8.1.0; LM-Q710(FGN)) AppleWebKit/537.36 (KHTML, like Gecko) Chrome/78.0.3904.108 Mobile Safari/537.36
Mozilla/5.0 (Linux; Android 9; LM-X220) AppleWebKit/537.36 (KHTML, like Gecko) Chrome/74.0.3729.136 Mobile Safari/537.36
Mozilla/5.0 (Linux; Android 10; LM-Q730) AppleWebKit/537.36 (KHTML, like Gecko) Chrome/88.0.4324.181 Mobile Safari/537.36
Mozilla/5.0 (Linux; Android 9; LM-X420) AppleWebKit/537.36 (KHTML, like Gecko) Chrome/74.0.3729.136 Mobile Safari/537.36
Mozilla/5.0 (Linux; Android 6.0.1; SM-G610M Build/MMB29K) AppleWebKit/537.36 (KHTML, like Gecko) Chrome/63.0.3239.111 Mobile Safari/537.36
Mozilla/5.0 (Linux; Android 5.1.1; SM-J111M Build/LMY47V) AppleWebKit/537.36 (KHTML, like Gecko) Chrome/69.0.3497.100 Mobile Safari/537.36
Mozilla/5.0 (Linux; Android 8.0.0; SM-G930F) AppleWebKit/537.36 (KHTML, like Gecko) Chrome/74.0.3729.157 Mobile Safari/537.36
Mozilla/5.0 (Linux; Android 9; LM-Q720) AppleWebKit/537.36 (KHTML, like Gecko) Chrome/79.0.3945.116 Mobile Safari/537.36
Mozilla/5.0 (Linux; Android 7.1.1; Moto E (4) Plus) AppleWebKit/537.36 (KHTML, like Gecko) Chrome/70.0.3538.80 Mobile Safari/537.36
Mozilla/5.0 (Linux; Android 10; SM-T515 Build/QP1A.190711.020; wv) AppleWebKit/537.36 (KHTML, like Gecko) Version/4.0 Chrome/87.0.4280.101 Safari/537.36
Mozilla/5.0 (Linux; Android 9; SM-G965U) AppleWebKit/537.36 (KHTML, like Gecko) Chrome/79.0.3945.93 Mobile Safari/537.36
Mozilla/5.0 (Linux; Android 8.0.0; moto e5 play) AppleWebKit/537.36 (KHTML, like Gecko) Chrome/78.0.3904.108 Mobile Safari/537.36
Mozilla/5.0 (Linux; Android 6.0.1; SM-J700M Build/MMB29K) AppleWebKit/537.36 (KHTML, like Gecko) Chrome/63.0.3239.111 Mobile Safari/537.36
Mozilla/5.0 (Linux; Android 8.1.0; LM-Q710(FGN)) AppleWebKit/537.36 (KHTML, like Gecko) Chrome/70.0.3538.110 Mobile Safari/537.36
Mozilla/5.0 (Linux; Android 6.0.1; SM-J500M Build/MMB29M) AppleWebKit/537.36 (KHTML, like Gecko) Chrome/65.0.3325.109 Mobile Safari/537.36
Mozilla/5.0 (Linux; Android 5.1.1; SM-G531M) AppleWebKit/537.36 (KHTML, like Gecko) Chrome/79.0.3945.93 Mobile Safari/537.36
Mozilla/5.0 (Linux; Android 5.1.1; Nexus 5 Build/LMY48B; wv) AppleWebKit/537.36 (KHTML, like Gecko) Version/4.0 Chrome/43.0.2357.65 Mobile Safari/537.36
Mozilla/5.0 (Linux; Android 7.0; LG-M250 Build/NRD90U) AppleWebKit/537.36 (KHTML, like Gecko) Chrome/69.0.3497.100 Mobile Safari/537.36
Mozilla/5.0 (Linux; Android 9; SM-A205U) AppleWebKit/537.36 (KHTML, like Gecko) Chrome/79.0.3945.93 Mobile Safari/537.36
Mozilla/5.0 (Linux; Android 10; SM-T515 Build/QP1A.190711.020; wv) AppleWebKit/537.36 (KHTML, like Gecko) Version/4.0 Chrome/81.0.4044.138 Safari/537.36
Mozilla/5.0 (Linux; Android 7.0; SM-J710MN) AppleWebKit/537.36 (KHTML, like Gecko) Chrome/70.0.3538.80 Mobile Safari/537.36
Mozilla/5.0 (Linux; Android 9; SM-G950U) AppleWebKit/537.36 (KHTML, like Gecko) Chrome/78.0.3904.108 Mobile Safari/537.36
Mozilla/5.0 (Linux; Android 7.0; LG-M250 Build/NRD90U) AppleWebKit/537.36 (KHTML, like Gecko) Chrome/68.0.3440.91 Mobile Safari/537.36
Mozilla/5.0 (Linux; Android 9; GM 8 d Build/OPM1.171019.011) AppleWebKit/537.36 (KHTML, like Gecko) Chrome/86.0.4240.198 Mobile Safari/537.36
Mozilla/5.0 (Linux; Android 7.1.2; TX3 Mini Build/NHG47L; wv) AppleWebKit/537.36 (KHTML, like Gecko) Version/4.0 Chrome/52.0.2743.100 Safari/537.36
Mozilla/5.0 (Linux; U; Android-4.0.3; en-us; Galaxy Nexus Build/IML74K) AppleWebKit/535.7 (KHTML, like Gecko) CrMo/16.0.912.75 Mobile Safari/535.7
Mozilla/5.0 (Linux; Android 7.0; HUAWEI VNS-L21 Build/HUAWEIVNS-L21) AppleWebKit/537.36 (KHTML, like Gecko) Chrome/64.0.3282.137 Mobile Safari/537.36
Mozilla/5.0 (Linux; Android 7.0; Moto G (5) Build/NPPS25.137-93-2-5) AppleWebKit/537.36 (KHTML, like Gecko) Chrome/68.0.3440.91 Mobile Safari/537.36
Mozilla/5.0 (Linux; Android 9; SM-A102U) AppleWebKit/537.36 (KHTML, like Gecko) Chrome/78.0.3904.108 Mobile Safari/537.36
Mozilla/5.0 (Linux; Android 4.4; Nexus 5 Build/LMY48B ) AppleWebKit/537.36 (KHTML, like Gecko) Version/4.0 Chrome/30.0.0.0 Mobile Safari/537.36
Mozilla/5.0 (Linux; Android 8.0.0; ANE-LX3) AppleWebKit/537.36 (KHTML, like Gecko) Chrome/70.0.3538.80 Mobile Safari/537.36
Mozilla/5.0 (Linux; U; Android-4.0.3; en-us; Xoom Build/IML77) AppleWebKit/535.7 (KHTML, like Gecko) CrMo/16.0.912.75 Safari/535.7
Mozilla/5.0 (Linux; Android 8.1.0; LM-Q710(FGN)) AppleWebKit/537.36 (KHTML, like Gecko) Chrome/79.0.3945.93 Mobile Safari/537.36
Mozilla/5.0 (Linux; Android 9; SM-A102U) AppleWebKit/537.36 (KHTML, like Gecko) Chrome/79.0.3945.93 Mobile Safari/537.36
Mozilla/5.0 (Linux; Android 6.0; LG-K430 Build/MRA58K) AppleWebKit/537.36 (KHTML, like Gecko) Chrome/63.0.3239.111 Mobile Safari/537.36
Mozilla/5.0 (Linux; Android 9; SM-A205U) AppleWebKit/537.36 (KHTML, like Gecko) Chrome/78.0.3904.108 Mobile Safari/537.36
Mozilla/5.0 (Linux; Android 7.1.1; Moto G (5S) Build/NPPS26.102-49-4) AppleWebKit/537.36 (KHTML, like Gecko) Chrome/65.0.3325.109 Mobile Safari/537.36
Mozilla/5.0 (Linux; Android 7.1.1; SM-T567V Build/NMF26X; wv) AppleWebKit/537.36 (KHTML, like Gecko) Version/4.0 Chrome/70.0.3538.80 Safari/537.36
Mozilla/5.0 (Linux; Android 9; SM-J737A Build/PPR1.180610.011; wv) AppleWebKit/537.36 (KHTML, like Gecko) Version/4.0 Chrome/86.0.4240.185 Mobile Safari/537.36
Mozilla/5.0 (Linux; Android 8.0.0; SM-G935F Build/R16NW) AppleWebKit/537.36 (KHTML, like Gecko) Chrome/69.0.3497.100 Mobile Safari/537.36
Mozilla/5.0 (Linux; Android 9; SM-G975F Build/PPR1.180610.011; wv) AppleWebKit/537.36 (KHTML, like Gecko) Version/4.0 Chrome/74.0.3729.157 Mobile Safari/537.36
Mozilla/5.0 (Linux; Android 8.0.0; SM-G930F Build/R16NW) AppleWebKit/537.36 (KHTML, like Gecko) Chrome/69.0.3497.100 Mobile Safari/537.36
Mozilla/5.0 (Linux; Android 9; SM-G975U) AppleWebKit/537.36 (KHTML, like Gecko) Chrome/78.0.3904.108 Mobile Safari/537.36
Mozilla/5.0 (Linux; Android 8.1.0; Moto G (5S)) AppleWebKit/537.36 (KHTML, like Gecko) Chrome/70.0.3538.80 Mobile Safari/537.36
Mozilla/5.0 (Linux; Android 9; SM-G950F) AppleWebKit/537.36 (KHTML, like Gecko) Chrome/74.0.3729.157 Mobile Safari/537.36
Mozilla/5.0 (Linux; Android 7.1.1; Moto G (5S) Build/NPPS26.102-49-14) AppleWebKit/537.36 (KHTML, like Gecko) Chrome/69.0.3497.100 Mobile Safari/537.36
Mozilla/5.0 (Linux; Android 6.0; MYA-L03 Build/HUAWEIMYA-L03) AppleWebKit/537.36 (KHTML, like Gecko) Chrome/69.0.3497.100 Mobile Safari/537.36
Mozilla/5.0 (Linux; Android 8.0.0; ANE-LX1) AppleWebKit/537.36 (KHTML, like Gecko) Chrome/74.0.3729.157 Mobile Safari/537.36
Mozilla/5.0 (Linux; Android 7.0; SM-G930F Build/NRD90M) AppleWebKit/537.36 (KHTML, like Gecko) Chrome/63.0.3239.111 Mobile Safari/537.36
Mozilla/5.0 (Linux; Android 4.4.2; Lenovo B8080-F Build/KVT49L) AppleWebKit/537.36 (KHTML, like Gecko) Chrome/64.0.3282.137 Safari/537.36
Mozilla/5.0 (Linux; Android 8.0.0; moto e5 play) AppleWebKit/537.36 (KHTML, like Gecko) Chrome/79.0.3945.93 Mobile Safari/537.36
Mozilla/5.0 (Linux; Android 7.1.1; Moto G Play Build/NPIS26.48-43-2) AppleWebKit/537.36 (KHTML, like Gecko) Chrome/68.0.3440.91 Mobile Safari/537.36
Mozilla/5.0 (Linux; Android 9; SM-G965U) AppleWebKit/537.36 (KHTML, like Gecko) Chrome/78.0.3904.108 Mobile Safari/537.36
Mozilla/5.0 (Linux; Android 7.0; TRT-L53 Build/HUAWEITRT-L53) AppleWebKit/537.36 (KHTML, like Gecko) Chrome/69.0.3497.100 Mobile Safari/537.36
Mozilla/5.0 (Linux; Android 8.1.0; Moto G (5S) Plus) AppleWebKit/537.36 (KHTML, like Gecko) Chrome/70.0.3538.80 Mobile Safari/537.36
Mozilla/5.0 (Linux; Android 6.0.1; SM-J500M Build/MMB29M) AppleWebKit/537.36 (KHTML, like Gecko) Chrome/59.0.3071.125 Mobile Safari/537.36
Mozilla/5.0 (Linux; Android 4.4.2; de-de; SAMSUNG GT-I9505 Build/KOT49H) AppleWebKit/537.36 (KHTML, like Gecko) Version/1.5 Chrome/28.0.1500.94 Mobile Safari/537.36
Mozilla/5.0 (Linux; Android 6.0.1; SM-J700M Build/MMB29K) AppleWebKit/537.36 (KHTML, like Gecko) Chrome/65.0.3325.109 Mobile Safari/537.36
Mozilla/5.0 (Linux; Android 8.1.0; SM-J710MN) AppleWebKit/537.36 (KHTML, like Gecko) Chrome/77.0.3865.92 Mobile Safari/537.36
Mozilla/5.0 (Linux; Android 9; SM-G955F Build/PPR1.180610.011; wv) AppleWebKit/537.36 (KHTML, like Gecko) Version/4.0 Chrome/74.0.3729.157 Mobile Safari/537.36
Mozilla/5.0 (Linux; Android 9; SM-N960F Build/PPR1.180610.011; wv) AppleWebKit/537.36 (KHTML, like Gecko) Version/4.0 Chrome/74.0.3729.157 Mobile Safari/537.36
Mozilla/5.0 (Linux; Android 8.1.0; SM-G610M) AppleWebKit/537.36 (KHTML, like Gecko) Chrome/70.0.3538.110 Mobile Safari/537.36
Mozilla/5.0 (Linux; Android 6.0.1; SM-J700M Build/MMB29K) AppleWebKit/537.36 (KHTML, like Gecko) Chrome/68.0.3440.91 Mobile Safari/537.36
Mozilla/5.0 (Linux; Android 8.0.0; SM-G950F Build/R16NW) AppleWebKit/537.36 (KHTML, like Gecko) Chrome/67.0.3396.87 Mobile Safari/537.36
Mozilla/5.0 (Linux; Android 8.0.0; SM-G950F) AppleWebKit/537.36 (KHTML, like Gecko) Chrome/70.0.3538.80 Mobile Safari/537.36
Mozilla/5.0 (Linux; Android 6.0.1; SM-J500M) AppleWebKit/537.36 (KHTML, like Gecko) Chrome/70.0.3538.80 Mobile Safari/537.36
Mozilla/5.0 (Linux; Android 7.1.1; Moto E (4) Plus Build/NMA26.42-152) AppleWebKit/537.36 (KHTML, like Gecko) Chrome/69.0.3497.100 Mobile Safari/537.36
Mozilla/5.0 (Linux; Android 6.0.1; SM-J500M Build/MMB29M) AppleWebKit/537.36 (KHTML, like Gecko) Chrome/66.0.3359.126 Mobile Safari/537.36
Mozilla/5.0 (Linux; Android 9; SM-N950U) AppleWebKit/537.36 (KHTML, like Gecko) Chrome/79.0.3945.93 Mobile Safari/537.36
Mozilla/5.0 (Linux; Android 7.0; HUAWEI VNS-L23 Build/HUAWEIVNS-L23) AppleWebKit/537.36 (KHTML, like Gecko) Chrome/69.0.3497.100 Mobile Safari/537.36
Mozilla/5.0 (Linux; Android 5.1.1; Navori QL Stix 3500 Build/LMY49F; wv) AppleWebKit/537.36 (KHTML, like Gecko) Version/4.0 Chrome/67.0.3396.87 Safari/537.36
Mozilla/5.0 (Linux; U; Android 4.4.2; pt-br; LG-D337 Build/KOT49I) AppleWebKit/537.36 (KHTML, like Gecko) Version/4.0 Chrome/34.0.1847.118 Mobile Safari/537.36
Mozilla/5.0 (Linux; Android 7.1.1; Moto G Play) AppleWebKit/537.36 (KHTML, like Gecko) Chrome/70.0.3538.80 Mobile Safari/537.36
Mozilla/5.0 (Linux; Android 7.0; Moto G (5) Plus Build/NPNS25.137-92-14) AppleWebKit/537.36 (KHTML, like Gecko) Chrome/69.0.3497.100 Mobile Safari/537.36
Mozilla/5.0 (Linux; Android 8.0.0; SM-A520F Build/R16NW) AppleWebKit/537.36 (KHTML, like Gecko) Chrome/69.0.3497.100 Mobile Safari/537.36
Mozilla/5.0 (Linux; Android 9; SM-G955U) AppleWebKit/537.36 (KHTML, like Gecko) Chrome/77.0.3865.92 Mobile Safari/537.36
Mozilla/5.0 (Linux; Android 6.0.1; SM-G532MT Build/MMB29T) AppleWebKit/537.36 (KHTML, like Gecko) Chrome/65.0.3325.109 Mobile Safari/537.36
Mozilla/5.0 (Linux; Android 8.0.0; SM-G930F) AppleWebKit/537.36 (KHTML, like Gecko) Chrome/70.0.3538.80 Mobile Safari/537.36
Mozilla/5.0 (Linux; Android 4.4.2; LG-D405 Build/KOT49I.A1404477143) AppleWebKit/537.36 (KHTML, like Gecko) Chrome/42.0.2311.111 Mobile Safari/537.36
Mozilla/5.0 (Linux; Android 7.0; Moto G (5) Build/NPPS25.137-93-2-3) AppleWebKit/537.36 (KHTML, like Gecko) Chrome/67.0.3396.87 Mobile Safari/537.36
Mozilla/5.0 (Linux; Android 8.0.0; SM-A520F Build/R16NW) AppleWebKit/537.36 (KHTML, like Gecko) Chrome/68.0.3440.91 Mobile Safari/537.36
Mozilla/5.0 (Linux; Android 9; moto g(7) play) AppleWebKit/537.36 (KHTML, like Gecko) Chrome/73.0.3683.90 Mobile Safari/537.36
Mozilla/5.0 (Linux; Android 7.1.1; Moto G (5S)) AppleWebKit/537.36 (KHTML, like Gecko) Chrome/70.0.3538.80 Mobile Safari/537.36
Mozilla/5.0 (Linux; Android 9; LM-Q720) AppleWebKit/537.36 (KHTML, like Gecko) Chrome/81.0.4044.138 Mobile Safari/537.36
Mozilla/5.0 (Linux; Android 8.0.0; moto g(6) play) AppleWebKit/537.36 (KHTML, like Gecko) Chrome/70.0.3538.80 Mobile Safari/537.36
Mozilla/5.0 (Linux; Android 10; SM-G975U) AppleWebKit/537.36 (KHTML, like Gecko) Chrome/79.0.3945.93 Mobile Safari/537.36
Mozilla/5.0 (Linux; Android 7.0; Moto C Build/NRD90M.063) AppleWebKit/537.36 (KHTML, like Gecko) Chrome/69.0.3497.100 Mobile Safari/537.36
Mozilla/5.0 (Linux; Android 9; ANE-LX1) AppleWebKit/537.36 (KHTML, like Gecko) Chrome/83.0.4103.106 Mobile Safari/537.36
Mozilla/5.0 (Linux; Android 6.0; MotoG3 Build/MPIS24.65-33.1-2-16) AppleWebKit/537.36 (KHTML, like Gecko) Chrome/68.0.3440.91 Mobile Safari/537.36
Mozilla/5.0 (Linux; Android 7.1.1; Moto G (5S) Build/NPPS26.102-49-8) AppleWebKit/537.36 (KHTML, like Gecko) Chrome/66.0.3359.158 Mobile Safari/537.36
Mozilla/5.0 (Linux; Android 7.0; Moto G (5) Plus Build/NPN25.137-92) AppleWebKit/537.36 (KHTML, like Gecko) Chrome/63.0.3239.111 Mobile Safari/537.36
Mozilla/5.0 (Linux; Android 6.0; LG-K430 Build/MRA58K) AppleWebKit/537.36 (KHTML, like Gecko) Chrome/69.0.3497.100 Mobile Safari/537.36
Mozilla/5.0 (Linux; Android 7.0; Moto C) AppleWebKit/537.36 (KHTML, like Gecko) Chrome/70.0.3538.80 Mobile Safari/537.36
Mozilla/5.0 (Linux; Android 9; LM-Q720) AppleWebKit/537.36 (KHTML, like Gecko) Chrome/80.0.3987.162 Mobile Safari/537.36
Mozilla/5.0 (Linux; Android 8.0.0; SM-G950F Build/R16NW) AppleWebKit/537.36 (KHTML, like Gecko) Chrome/68.0.3440.91 Mobile Safari/537.36
Mozilla/5.0 (Linux; Android 7.0; Moto G (4) Build/NPJS25.93-14-13) AppleWebKit/537.36 (KHTML, like Gecko) Chrome/63.0.3239.111 Mobile Safari/537.36
Mozilla/5.0 (Linux; Android 9; SM-G960U) AppleWebKit/537.36 (KHTML, like Gecko) Chrome/74.0.3729.157 Mobile Safari/537.36
Mozilla/5.0 (Linux; Android 9; SM-N950F Build/PPR1.180610.011; wv) AppleWebKit/537.36 (KHTML, like Gecko) Version/4.0 Chrome/74.0.3729.157 Mobile Safari/537.36
Mozilla/5.0 (Linux; Android 8.1.0; LG-Q710AL) AppleWebKit/537.36 (KHTML, like Gecko) Chrome/78.0.3904.108 Mobile Safari/537.36
Mozilla/5.0 (Linux; Android 9; SM-G970U) AppleWebKit/537.36 (KHTML, like Gecko) Chrome/77.0.3865.92 Mobile Safari/537.36
Mozilla/5.0 (Linux; Android 7.1.1; Moto G (5S) Build/NPPS26.102-49-8) AppleWebKit/537.36 (KHTML, like Gecko) Chrome/66.0.3359.126 Mobile Safari/537.36
Mozilla/5.0 (Linux; Android 6.0.1; SM-J700M Build/MMB29K) AppleWebKit/537.36 (KHTML, like Gecko) Chrome/57.0.2987.132 Mobile Safari/537.36
Mozilla/5.0 (Linux; Android 7.0; SM-G610M) AppleWebKit/537.36 (KHTML, like Gecko) Chrome/70.0.3538.64 Mobile Safari/537.36
Mozilla/5.0 (Linux; Android 8.0.0; SM-G935F) AppleWebKit/537.36 (KHTML, like Gecko) Chrome/70.0.3538.80 Mobile Safari/537.36
Mozilla/5.0 (Linux; Android 6.0; LG-K350 Build/MRA58K) AppleWebKit/537.36 (KHTML, like Gecko) Chrome/69.0.3497.100 Mobile Safari/537.36
Mozilla/5.0 (Linux; Android 9; SM-G973U) AppleWebKit/537.36 (KHTML, like Gecko) Chrome/78.0.3904.108 Mobile Safari/537.36
Mozilla/5.0 (Linux; Android 8.0.0; SM-G935F) AppleWebKit/537.36 (KHTML, like Gecko) Chrome/70.0.3538.80 Mobile Safari/537.36
Mozilla/5.0 (Linux; Android 6.0; LG-K350 Build/MRA58K) AppleWebKit/537.36 (KHTML, like Gecko) Chrome/69.0.3497.100 Mobile Safari/537.36
Mozilla/5.0 (Linux; Android 9; SM-G973U) AppleWebKit/537.36 (KHTML, like Gecko) Chrome/78.0.3904.108 Mobile Safari/537.36
Mozilla/5.0 (Linux; Android 6.0.1; SM-J500M Build/MMB29M) AppleWebKit/537.36 (KHTML, like Gecko) Chrome/55.0.2883.91 Mobile Safari/537.36
Mozilla/5.0 (Linux; Android 8.0.0; Moto Z2 Play Build/OPSS27.76-12-25-7) AppleWebKit/537.36 (KHTML, like Gecko) Chrome/69.0.3497.100 Mobile Safari/537.36
Mozilla/5.0 (Linux; Android 6.0.1; SM-J700M Build/MMB29K) AppleWebKit/537.36 (KHTML, like Gecko) Chrome/64.0.3282.137 Mobile Safari/537.36
Mozilla/5.0 (Linux; Android 9; SM-G960F) AppleWebKit/537.36 (KHTML, like Gecko) Chrome/74.0.3729.157 Mobile Safari/537.36
Mozilla/5.0 (Linux; Android 7.1.1; Moto G Play Build/NPIS26.48-43-2) AppleWebKit/537.36 (KHTML, like Gecko) Chrome/67.0.3396.87 Mobile Safari/537.36
Mozilla/5.0 (Linux; Android 7.0; SM-G935F Build/NRD90M) AppleWebKit/537.36 (KHTML, like Gecko) Chrome/66.0.3359.158 Mobile Safari/537.36
Mozilla/5.0 (Linux; Android 7.1.1; Moto G (5S) Plus Build/NPSS26.116-64-11) AppleWebKit/537.36 (KHTML, like Gecko) Chrome/69.0.3497.100 Mobile Safari/537.36
Mozilla/5.0 (Linux; Android 10; LM-Q730) AppleWebKit/537.36 (KHTML, like Gecko) Chrome/80.0.3987.99 Mobile Safari/537.36
Mozilla/5.0 (Linux; Android 9; 5032W) AppleWebKit/537.36 (KHTML, like Gecko) Chrome/74.0.3729.136 Mobile Safari/537.36
Mozilla/5.0 (Linux; Android 6.0.1; SM-G610M Build/MMB29K) AppleWebKit/537.36 (KHTML, like Gecko) Chrome/64.0.3282.137 Mobile Safari/537.36
Mozilla/5.0 (Linux; Android 8.0.0; SM-G930V) AppleWebKit/537.36 (KHTML, like Gecko) Chrome/79.0.3945.93 Mobile Safari/537.36
Mozilla/5.0 (Linux; Android 9; SM-G955U) AppleWebKit/537.36 (KHTML, like Gecko) Chrome/78.0.3904.108 Mobile Safari/537.36
Mozilla/5.0 (Linux; Android 10; LM-K500) AppleWebKit/537.36 (KHTML, like Gecko) Chrome/88.0.4324.181 Mobile Safari/537.36
Mozilla/5.0 (Linux; Android 8.0.0; SM-G935F Build/R16NW; wv) AppleWebKit/537.36 (KHTML, like Gecko) Version/4.0 Chrome/74.0.3729.157 Mobile Safari/537.36
Mozilla/5.0 (Linux; Android 6.0.1; SM-J700M Build/MMB29K) AppleWebKit/537.36 (KHTML, like Gecko) Chrome/58.0.3029.83 Mobile Safari/537.36
Mozilla/5.0 (Linux; Android 7.0; Moto G (4) Build/NPJS25.93-14-8.1-9) AppleWebKit/537.36 (KHTML, like Gecko) Chrome/69.0.3497.100 Mobile Safari/537.36
Mozilla/5.0(Linux;Android 5.1.1;OPPO A33 Build/LMY47V;wv) AppleWebKit/537.36(KHTML,link Gecko) Version/4.0 Chrome/43.0.2357.121 Mobile Safari/537.36
Mozilla/5.0 (Linux; Android 7.0; Moto G (4) Build/NPJS25.93-14-13) AppleWebKit/537.36 (KHTML, like Gecko) Chrome/64.0.3282.137 Mobile Safari/537.36
Mozilla/5.0 (Linux; Android 6.0.1; SM-G532M Build/MMB29T) AppleWebKit/537.36 (KHTML, like Gecko) Chrome/67.0.3396.87 Mobile Safari/537.36
Mozilla/5.0 (Linux; Android 6.0; MotoG3 Build/MPIS24.65-33.1-2-16) AppleWebKit/537.36 (KHTML, like Gecko) Chrome/63.0.3239.111 Mobile Safari/537.36
Mozilla/5.0 (Linux; Android 7.0; SM-G935F Build/NRD90M) AppleWebKit/537.36 (KHTML, like Gecko) Chrome/65.0.3325.109 Mobile Safari/537.36
Mozilla/5.0 (Linux; Android 9; SM-G955U) AppleWebKit/537.36 (KHTML, like Gecko) Chrome/79.0.3945.93 Mobile Safari/537.36
Mozilla/5.0 (Linux; Android 5.1.1; D6503 Build/23.4.A.1.200) AppleWebKit/537.36 (KHTML, like Gecko) Chrome/46.0.2490.76 Mobile Safari/537.36
Mozilla/5.0 (Linux; Android 9; SM-N950U) AppleWebKit/537.36 (KHTML, like Gecko) Chrome/78.0.3904.108 Mobile Safari/537.36
Mozilla/5.0 (Linux; Android 7.0; SM-J730G Build/NRD90M) AppleWebKit/537.36 (KHTML, like Gecko) Chrome/69.0.3497.100 Mobile Safari/537.36
Mozilla/5.0 (Linux; Android 8.1.0; LM-X210(G)) AppleWebKit/537.36 (KHTML, like Gecko) Chrome/70.0.3538.110 Mobile Safari/537.36
Mozilla/5.0 (Linux; Android 6.0.1; SM-J500M Build/MMB29M) AppleWebKit/537.36 (KHTML, like Gecko) Chrome/66.0.3359.158 Mobile Safari/537.36
Mozilla/5.0 (Linux; Android 9; SM-A102U) AppleWebKit/537.36 (KHTML, like Gecko) Chrome/80.0.3987.162 Mobile Safari/537.36
Mozilla/5.0(Linux;Android 5.1.1;OPPO A33 Build/LMY47V;wv) AppleWebKit/537.36(KHTML,link Gecko) Version/4.0 Chrome/42.0.2311.138 Mobile Safari/537.36
Mozilla/5.0 (Linux; Android 8.0.0; moto g(6) play Build/OPP27.91-143) AppleWebKit/537.36 (KHTML, like Gecko) Chrome/69.0.3497.100 Mobile Safari/537.36
Mozilla/5.0 (Linux; Android 9; moto g(7) power) AppleWebKit/537.36 (KHTML, like Gecko) Chrome/79.0.3945.93 Mobile Safari/537.36
Mozilla/5.0 (Linux; Android 7.1.1; CT40 Build/83.00.19-CUE01) AppleWebKit/537.36 (KHTML, like Gecko) Chrome/64.0.3242.0 Mobile Safari/537.36
Mozilla/5.0 (Linux; Android 8.0.0; SM-G930V) AppleWebKit/537.36 (KHTML, like Gecko) Chrome/70.0.3538.110 Mobile Safari/537.36
Mozilla/5.0 (Linux; Android 6.0; DIG-L03 Build/HUAWEIDIG-L03) AppleWebKit/537.36 (KHTML, like Gecko) Chrome/69.0.3497.100 Mobile Safari/537.36
Mozilla/5.0 (Linux; Android 7.0; SM-G930F Build/NRD90M) AppleWebKit/537.36 (KHTML, like Gecko) Chrome/65.0.3325.109 Mobile Safari/537.36
Mozilla/5.0 (Linux; Android 7.1.1; Moto G (5S) Build/NPPS26.102-49-1) AppleWebKit/537.36 (KHTML, like Gecko) Chrome/64.0.3282.137 Mobile Safari/537.36
Mozilla/5.0 (Linux; Android 8.1.0; LM-X410(FG)) AppleWebKit/537.36 (KHTML, like Gecko) Chrome/70.0.3538.110 Mobile Safari/537.36
Mozilla/5.0 (Linux; Android 7.0; SM-G930F Build/NRD90M) AppleWebKit/537.36 (KHTML, like Gecko) Chrome/64.0.3282.137 Mobile Safari/537.36
Mozilla/5.0 (Linux; Android 6.0.1; SM-J700M Build/MMB29K) AppleWebKit/537.36 (KHTML, like Gecko) Chrome/66.0.3359.126 Mobile Safari/537.36
Mozilla/5.0 (Linux; Android 9; LM-Q720) AppleWebKit/537.36 (KHTML, like Gecko) Chrome/80.0.3987.149 Mobile Safari/537.36
Mozilla/5.0 (Linux; Android 6.0; LG-K430 Build/MRA58K) AppleWebKit/537.36 (KHTML, like Gecko) Chrome/66.0.3359.158 Mobile Safari/537.36
Mozilla/5.0 (Linux; Android 7.0; SM-J710MN Build/NRD90M) AppleWebKit/537.36 (KHTML, like Gecko) Chrome/67.0.3396.87 Mobile Safari/537.36
Mozilla/5.0 (Linux; Android 7.0; Moto C Plus Build/NRD90M.04.026) AppleWebKit/537.36 (KHTML, like Gecko) Chrome/69.0.3497.100 Mobile Safari/537.36
Mozilla/5.0 (Linux; Android 9; LM-Q720) AppleWebKit/537.36 (KHTML, like Gecko) Chrome/83.0.4103.106 Mobile Safari/537.36
Mozilla/5.0 (Linux; Android 5.1.1; SM-G531H Build/LMY48B) AppleWebKit/537.36 (KHTML, like Gecko) Chrome/64.0.3282.137 Mobile Safari/537.36
Mozilla/5.0 (Linux; Android 9; SM-A102U) AppleWebKit/537.36 (KHTML, like Gecko) Chrome/80.0.3987.149 Mobile Safari/537.36
Mozilla/5.0 (Linux; Android 7.0; TRT-LX3) AppleWebKit/537.36 (KHTML, like Gecko) Chrome/70.0.3538.80 Mobile Safari/537.36
Mozilla/5.0 (Linux; Android 9; SM-A102U) AppleWebKit/537.36 (KHTML, like Gecko) Chrome/81.0.4044.138 Mobile Safari/537.36
Mozilla/5.0 (Linux; Android 8.0.0; SM-A520F) AppleWebKit/537.36 (KHTML, like Gecko) Chrome/70.0.3538.80 Mobile Safari/537.36
Mozilla/5.0 (Linux; Android 8.1.0; LML212VL) AppleWebKit/537.36 (KHTML, like Gecko) Chrome/70.0.3538.110 Mobile Safari/537.36
Mozilla/5.0 (Linux; Android 6.0; LG-K430 Build/MRA58K) AppleWebKit/537.36 (KHTML, like Gecko) Chrome/68.0.3440.91 Mobile Safari/537.36
Mozilla/5.0 (Linux; Android 9; SM-G950U) AppleWebKit/537.36 (KHTML, like Gecko) Chrome/74.0.3729.136 Mobile Safari/537.36
Mozilla/5.0 (Linux; Android 9; SM-A205U) AppleWebKit/537.36 (KHTML, like Gecko) Chrome/80.0.3987.162 Mobile Safari/537.36
Mozilla/5.0 (Linux; Android 5.0.1; ALE-L23 Build/HuaweiALE-L23) AppleWebKit/537.36 (KHTML, like Gecko) Chrome/69.0.3497.100 Mobile Safari/537.36
Mozilla/5.0 (Linux; Android 8.0.0; SM-G930V) AppleWebKit/537.36 (KHTML, like Gecko) Chrome/78.0.3904.108 Mobile Safari/537.36
Mozilla/5.0 (Linux; Android 8.0.0; WAS-LX3) AppleWebKit/537.36 (KHTML, like Gecko) Chrome/70.0.3538.80 Mobile Safari/537.36
Mozilla/5.0 (Linux; Android 8.1.0; LG-Q710AL) AppleWebKit/537.36 (KHTML, like Gecko) Chrome/70.0.3538.110 Mobile Safari/537.36
Mozilla/5.0 (Linux; Android 8.0.0; SM-G930F) AppleWebKit/537.36 (KHTML, like Gecko) Chrome/70.0.3538.110 Mobile Safari/537.36
Mozilla/5.0 (Linux; Android 6.0; LG-K430) AppleWebKit/537.36 (KHTML, like Gecko) Chrome/70.0.3538.80 Mobile Safari/537.36
Mozilla/5.0 (Linux; Android 9; SM-A102U) AppleWebKit/537.36 (KHTML, like Gecko) Chrome/79.0.3945.116 Mobile Safari/537.36
Mozilla/5.0 (Linux; Android 9; LM-Q720) AppleWebKit/537.36 (KHTML, like Gecko) Chrome/79.0.3945.136 Mobile Safari/537.36
Mozilla/5.0 (Linux; Android 10; SM-G960U) AppleWebKit/537.36 (KHTML, like Gecko) Chrome/80.0.3987.149 Mobile Safari/537.36
Mozilla/5.0 (Linux; Android 10; SM-G960U) AppleWebKit/537.36 (KHTML, like Gecko) Chrome/80.0.3987.162 Mobile Safari/537.36
Mozilla/5.0 (Linux; Android 6.0.1; SM-J500M Build/MMB29M) AppleWebKit/537.36 (KHTML, like Gecko) Chrome/62.0.3202.84 Mobile Safari/537.36
Mozilla/5.0 (Linux; Android 7.0; SM-J710MN Build/NRD90M) AppleWebKit/537.36 (KHTML, like Gecko) Chrome/65.0.3325.109 Mobile Safari/537.36
Mozilla/5.0 (Linux; Android 8.1.0; Moto G (5S) Build/OPP28.65-37) AppleWebKit/537.36 (KHTML, like Gecko) Chrome/69.0.3497.100 Mobile Safari/537.36
Mozilla/5.0 (Linux; Android 7.0; Moto G (4) Build/NPJS25.93-14-4) AppleWebKit/537.36 (KHTML, like Gecko) Chrome/58.0.3029.83 Mobile Safari/537.36
Mozilla/5.0 (Linux; Android 10; SM-G960U) AppleWebKit/537.36 (KHTML, like Gecko) Chrome/81.0.4044.138 Mobile Safari/537.36
Mozilla/5.0 (Linux; Android 7.0; SM-G610M Build/NRD90M; wv) AppleWebKit/537.36 (KHTML, like Gecko) Version/4.0 Chrome/69.0.3497.100 Mobile Safari/537.36
Mozilla/5.0 (Linux; Android 6.0.1; SM-G532M) AppleWebKit/537.36 (KHTML, like Gecko) Chrome/70.0.3538.80 Mobile Safari/537.36
Mozilla/5.0 (Linux; Android 7.0; Moto G (5) Build/NPP25.137-93) AppleWebKit/537.36 (KHTML, like Gecko) Chrome/63.0.3239.111 Mobile Safari/537.36
Mozilla/5.0 (Linux; Android 7.0; SM-G570M) AppleWebKit/537.36 (KHTML, like Gecko) Chrome/70.0.3538.64 Mobile Safari/537.36
Mozilla/5.0 (Linux; Android 7.0; LG-M250 Build/NRD90U) AppleWebKit/537.36 (KHTML, like Gecko) Chrome/63.0.3239.111 Mobile Safari/537.36
Mozilla/5.0 (Linux; Android 10; MAR-LX1M) AppleWebKit/537.36 (KHTML, like Gecko) Chrome/83.0.4103.106 Mobile Safari/537.36
Mozilla/5.0 (Linux; Android 6.0.1; SM-J700M Build/MMB29K) AppleWebKit/537.36 (KHTML, like Gecko) Chrome/62.0.3202.84 Mobile Safari/537.36
Mozilla/5.0 (Linux; Android 8.0.0; FLA-LX3 Build/HUAWEIFLA-LX3) AppleWebKit/537.36 (KHTML, like Gecko) Chrome/69.0.3497.100 Mobile Safari/537.36
Mozilla/5.0 (Linux; Android 8.0.0; SM-G570M) AppleWebKit/537.36 (KHTML, like Gecko) Chrome/70.0.3538.80 Mobile Safari/537.36
Mozilla/5.0 (Linux; Android 9; SM-G970U) AppleWebKit/537.36 (KHTML, like Gecko) Chrome/78.0.3904.108 Mobile Safari/537.36
Mozilla/5.0 (Linux; Android 9; SM-A205U) AppleWebKit/537.36 (KHTML, like Gecko) Chrome/81.0.4044.138 Mobile Safari/537.36
Mozilla/5.0 (Linux; Android 7.0; SM-G610M Build/NRD90M) AppleWebKit/537.36 (KHTML, like Gecko) Chrome/66.0.3359.158 Mobile Safari/537.36
Mozilla/5.0 (Linux; Android 7.0; Moto G (5) Plus Build/NPNS25.137-92-4) AppleWebKit/537.36 (KHTML, like Gecko) Chrome/65.0.3325.109 Mobile Safari/537.36
Mozilla/5.0 (Linux; Android 6.0.1; SM-J510MN Build/MMB29M) AppleWebKit/537.36 (KHTML, like Gecko) Chrome/63.0.3239.111 Mobile Safari/537.36
Mozilla/5.0 (Linux; Android 7.0; TRT-L53) AppleWebKit/537.36 (KHTML, like Gecko) Chrome/70.0.3538.80 Mobile Safari/537.36
Mozilla/5.0 (Linux; Android 10; SM-G960U) AppleWebKit/537.36 (KHTML, like Gecko) Chrome/88.0.4324.181 Mobile Safari/537.36
Mozilla/5.0 (Linux; Android 8.1.0; LM-Q710(FGN)) AppleWebKit/537.36 (KHTML, like Gecko) Chrome/79.0.3945.116 Mobile Safari/537.36
Mozilla/5.0 (Linux; Android 6.0.1; SM-G610M Build/MMB29K) AppleWebKit/537.36 (KHTML, like Gecko) Chrome/66.0.3359.126 Mobile Safari/537.36
Mozilla/5.0 (Linux; Android 6.0; HUAWEI VNS-L23 Build/HUAWEIVNS-L23) AppleWebKit/537.36 (KHTML, like Gecko) Chrome/69.0.3497.100 Mobile Safari/537.36
Mozilla/5.0 (Linux; Android 5.0; SM-G900F Build/LRX21T) AppleWebKit/537.36 (KHTML, like Gecko) Chrome/47.0.2526.83 Mobile Safari/537.36
Mozilla/5.0 (Linux; Android 7.0; SM-G930F Build/NRD90M) AppleWebKit/537.36 (KHTML, like Gecko) Chrome/66.0.3359.158 Mobile Safari/537.36
Mozilla/5.0 (Linux; Android 7.0; Moto G (5) Build/NPP25.137-93-2) AppleWebKit/537.36 (KHTML, like Gecko) Chrome/66.0.3359.158 Mobile Safari/537.36
Mozilla/5.0 (Linux; Android 6.0; LG-K430 Build/MRA58K) AppleWebKit/537.36 (KHTML, like Gecko) Chrome/66.0.3359.126 Mobile Safari/537.36
Mozilla/5.0 (Linux; Android 6.0.1; MotoG3 Build/MPIS24.107-55-2-17) AppleWebKit/537.36 (KHTML, like Gecko) Chrome/69.0.3497.100 Mobile Safari/537.36
Mozilla/5.0 (Linux; Android 9; LM-Q720) AppleWebKit/537.36 (KHTML, like Gecko) Chrome/81.0.4044.117 Mobile Safari/537.36
Mozilla/5.0 (Linux; Android 8.0.0; SM-A520F) AppleWebKit/537.36 (KHTML, like Gecko) Chrome/74.0.3729.157 Mobile Safari/537.36
Mozilla/5.0 (Linux; Android 7.0; Moto G (5) Build/NPPS25.137-93-4) AppleWebKit/537.36 (KHTML, like Gecko) Chrome/65.0.3325.109 Mobile Safari/537.36
Mozilla/5.0 (Linux; Android 6.0.1; SM-J500M Build/MMB29M) AppleWebKit/537.36 (KHTML, like Gecko) Chrome/61.0.3163.98 Mobile Safari/537.36
Mozilla/5.0 (Linux; Android 4.4.2; Lenovo A7600-H Build/KOT49H) AppleWebKit/537.36 (KHTML, like Gecko) Chrome/47.0.2526.83 Safari/537.36
Mozilla/5.0 (Linux; Android 9; SM-A205U) AppleWebKit/537.36 (KHTML, like Gecko) Chrome/79.0.3945.116 Mobile Safari/537.36
Mozilla/5.0 (Linux; Android 9; moto g(7) power) AppleWebKit/537.36 (KHTML, like Gecko) Chrome/77.0.3865.92 Mobile Safari/537.36
Mozilla/5.0 (Linux; Android 7.0; LGMP260) AppleWebKit/537.36 (KHTML, like Gecko) Chrome/78.0.3904.108 Mobile Safari/537.36
Mozilla/5.0 (Linux; Android 8.0.0; SM-G950F Build/R16NW) AppleWebKit/537.36 (KHTML, like Gecko) Chrome/66.0.3359.158 Mobile Safari/537.36
Mozilla/5.0 (Linux; Android 4.4.2; de-de; SAMSUNG SM-T530 Build/KOT49H) AppleWebKit/537.36 (KHTML, like Gecko) Version/1.5 Chrome/28.0.1500.94 Safari/537.36
Mozilla/5.0 (Linux; Android 9; SM-G960U) AppleWebKit/537.36 (KHTML, like Gecko) Chrome/79.0.3945.116 Mobile Safari/537.36
Mozilla/5.0 (Linux; Android 7.0; LG-M250) AppleWebKit/537.36 (KHTML, like Gecko) Chrome/70.0.3538.80 Mobile Safari/537.36
Mozilla/5.0 (Linux; Android 7.0; Moto G (4) Build/NPJS25.93-14-10) AppleWebKit/537.36 (KHTML, like Gecko) Chrome/62.0.3202.84 Mobile Safari/537.36
Mozilla/5.0 (Linux; Android 9; SM-A205U) AppleWebKit/537.36 (KHTML, like Gecko) Chrome/80.0.3987.149 Mobile Safari/537.36
Mozilla/5.0 (Linux; Android 10; SM-G975U) AppleWebKit/537.36 (KHTML, like Gecko) Chrome/83.0.4103.106 Mobile Safari/537.36
Mozilla/5.0 (Linux; Android 10; SM-G960U) AppleWebKit/537.36 (KHTML, like Gecko) Chrome/83.0.4103.106 Mobile Safari/537.36
Mozilla/5.0 (Linux; Android 5.1.1; SM-J200M Build/LMY47X) AppleWebKit/537.36 (KHTML, like Gecko) Chrome/69.0.3497.100 Mobile Safari/537.36
Mozilla/5.0 (Linux; Android 4.4.4; D5103 Build/18.1.A.2.25) AppleWebKit/537.36 (KHTML, like Gecko) Chrome/47.0.2526.83 Mobile Safari/537.36
Mozilla/5.0 (Linux; Android 11; SM-G973U) AppleWebKit/537.36 (KHTML, like Gecko) Chrome/88.0.4324.181 Mobile Safari/537.36
Mozilla/5.0 (Linux; Android 8.1.0; LG-Q710AL) AppleWebKit/537.36 (KHTML, like Gecko) Chrome/79.0.3945.93 Mobile Safari/537.36
Mozilla/5.0 (Linux; Android 6.0.1; SM-J710MN Build/MMB29K) AppleWebKit/537.36 (KHTML, like Gecko) Chrome/63.0.3239.111 Mobile Safari/537.36
Mozilla/5.0 (Linux; Android 9; moto g(7) power) AppleWebKit/537.36 (KHTML, like Gecko) Chrome/78.0.3904.108 Mobile Safari/537.36
Mozilla/5.0 (Linux; Android 7.0; Moto G (5) Plus) AppleWebKit/537.36 (KHTML, like Gecko) Chrome/70.0.3538.80 Mobile Safari/537.36
Mozilla/5.0 (Linux; Android 9; LM-Q720) AppleWebKit/537.36 (KHTML, like Gecko) Chrome/80.0.3987.132 Mobile Safari/537.36
Mozilla/5.0 (Linux; Android 7.0; SM-G935F Build/NRD90M) AppleWebKit/537.36 (KHTML, like Gecko) Chrome/63.0.3239.111 Mobile Safari/537.36
Mozilla/5.0 (Linux; Android 6.0; MotoG3 Build/MPIS24.65-33.1-2-16) AppleWebKit/537.36 (KHTML, like Gecko) Chrome/64.0.3282.137 Mobile Safari/537.36
Mozilla/5.0 (Linux; Android 8.1.0; SM-J701M) AppleWebKit/537.36 (KHTML, like Gecko) Chrome/75.0.3770.101 Mobile Safari/537.36
Mozilla/5.0 (Linux; Android 10; SM-N960U) AppleWebKit/537.36 (KHTML, like Gecko) Chrome/83.0.4103.106 Mobile Safari/537.36
Mozilla/5.0 (Linux; Android 5.1; XT1033 Build/LPBS23.13-56-2) AppleWebKit/537.36 (KHTML, like Gecko) Chrome/58.0.3029.83 Mobile Safari/537.36
Mozilla/5.0 (Linux; Android 6.0; ALE-L21 Build/HuaweiALE-L21) AppleWebKit/537.36 (KHTML, like Gecko) Chrome/63.0.3239.111 Mobile Safari/537.36
Mozilla/5.0 (Linux; Android 5.1; XT1033 Build/LPBS23.13-56-2) AppleWebKit/537.36 (KHTML, like Gecko) Chrome/69.0.3497.100 Mobile Safari/537.36
Mozilla/5.0 (Linux; Android 5.1.1; SM-G531H Build/LMY48B) AppleWebKit/537.36 (KHTML, like Gecko) Chrome/67.0.3396.87 Mobile Safari/537.36
Mozilla/5.0 (Linux; Android 8.1.0; LML212VL) AppleWebKit/537.36 (KHTML, like Gecko) Chrome/79.0.3945.93 Mobile Safari/537.36
Mozilla/5.0 (Linux; Android 6.0; MotoG3 Build/MPIS24.65-33.1-2-16) AppleWebKit/537.36 (KHTML, like Gecko) Chrome/65.0.3325.109 Mobile Safari/537.36
Mozilla/5.0 (Linux; Android 7.1.1; Moto G (5S) Plus Build/NPSS26.116-45-5) AppleWebKit/537.36 (KHTML, like Gecko) Chrome/63.0.3239.111 Mobile Safari/537.36
Mozilla/5.0 (Linux; Android 9; SM-G950F) AppleWebKit/537.36 (KHTML, like Gecko) Chrome/83.0.4103.106 Mobile Safari/537.36
Mozilla/5.0 (Linux; Android 6.0; ALE-L23 Build/HuaweiALE-L23) AppleWebKit/537.36 (KHTML, like Gecko) Chrome/69.0.3497.100 Mobile Safari/537.36
Mozilla/5.0 (Linux; Android 9; moto g(6) play) AppleWebKit/537.36 (KHTML, like Gecko) Chrome/74.0.3729.136 Mobile Safari/537.36
Mozilla/5.0 (Linux; Android 8.0.0; Moto Z2 Play Build/OPSS27.76-12-25-3) AppleWebKit/537.36 (KHTML, like Gecko) Chrome/68.0.3440.91 Mobile Safari/537.36
Mozilla/5.0 (Linux; Android 8.1.0; LML212VL) AppleWebKit/537.36 (KHTML, like Gecko) Chrome/78.0.3904.108 Mobile Safari/537.36
Mozilla/5.0 (Linux; Android 8.0.0; SM-G950F) AppleWebKit/537.36 (KHTML, like Gecko) Chrome/70.0.3538.110 Mobile Safari/537.36
Mozilla/5.0 (Linux; Android 9; SM-A102U) AppleWebKit/537.36 (KHTML, like Gecko) Chrome/83.0.4103.106 Mobile Safari/537.36
Mozilla/5.0 (Linux; Android 7.1.1; SM-J510MN Build/NMF26X) AppleWebKit/537.36 (KHTML, like Gecko) Chrome/69.0.3497.100 Mobile Safari/537.36
Mozilla/5.0 (Linux; Android 8.0.0; SM-G950F Build/R16NW; wv) AppleWebKit/537.36 (KHTML, like Gecko) Version/4.0 Chrome/74.0.3729.157 Mobile Safari/537.36
Mozilla/5.0 (Linux; Android 10; LM-K500) AppleWebKit/537.36 (KHTML, like Gecko) Chrome/80.0.3987.99 Mobile Safari/537.36
Mozilla/5.0 (Linux; Android 6.0; MotoG3 Build/MPIS24.65-33.1-2-16) AppleWebKit/537.36 (KHTML, like Gecko) Chrome/59.0.3071.125 Mobile Safari/537.36
Mozilla/5.0 (Linux; Android 9; moto g(6)) AppleWebKit/537.36 (KHTML, like Gecko) Chrome/77.0.3865.92 Mobile Safari/537.36
Mozilla/5.0 (Linux; Android 8.0.0; XT1635-02 Build/OPNS27.76-12-22-3) AppleWebKit/537.36 (KHTML, like Gecko) Chrome/68.0.3440.91 Mobile Safari/537.36
Mozilla/5.0 (Linux; Android 9; SM-A102U) AppleWebKit/537.36 (KHTML, like Gecko) Chrome/79.0.3945.136 Mobile Safari/537.36
Mozilla/5.0 (Linux; Android 6.0.1; SM-G610M Build/MMB29K) AppleWebKit/537.36 (KHTML, like Gecko) Chrome/62.0.3202.84 Mobile Safari/537.36
Mozilla/5.0 (Linux; Android 7.0; SM-J710MN Build/NRD90M) AppleWebKit/537.36 (KHTML, like Gecko) Chrome/64.0.3282.137 Mobile Safari/537.36
Mozilla/5.0 (Linux; Android 8.1.0; CPH1909 Build/O11019) AppleWebKit/537.36 (KHTML, like Gecko) Chrome/69.0.3497.100 Mobile Safari/537.36
Mozilla/5.0 (Linux; Android 7.0; SM-G930F Build/NRD90M) AppleWebKit/537.36 (KHTML, like Gecko) Chrome/67.0.3396.87 Mobile Safari/537.36
Mozilla/5.0 (Linux; Android 7.0; Moto G (4) Build/NPJS25.93-14-15) AppleWebKit/537.36 (KHTML, like Gecko) Chrome/66.0.3359.126 Mobile Safari/537.36
Mozilla/5.0 (Linux; Android 9; cp3705A) AppleWebKit/537.36 (KHTML, like Gecko) Chrome/74.0.3729.136 Mobile Safari/537.36
Mozilla/5.0 (Linux; Android 10; SM-G970U) AppleWebKit/537.36 (KHTML, like Gecko) Chrome/79.0.3945.93 Mobile Safari/537.36
Mozilla/5.0 (Linux; Android 6.0; LG-K430 Build/MRA58K) AppleWebKit/537.36 (KHTML, like Gecko) Chrome/67.0.3396.87 Mobile Safari/537.36
Mozilla/5.0 (Linux; Android 7.0; LG-M320) AppleWebKit/537.36 (KHTML, like Gecko) Chrome/70.0.3538.80 Mobile Safari/537.36
Mozilla/5.0 (Linux; Android 9; moto g(7) play) AppleWebKit/537.36 (KHTML, like Gecko) Chrome/74.0.3729.136 Mobile Safari/537.36
Mozilla/5.0 (Linux; Android 10; SM-G973U) AppleWebKit/537.36 (KHTML, like Gecko) Chrome/83.0.4103.106 Mobile Safari/537.36
Mozilla/5.0 (Linux; Android 9; moto g(7) power) AppleWebKit/537.36 (KHTML, like Gecko) Chrome/75.0.3770.101 Mobile Safari/537.36
Mozilla/5.0 (Linux; Android 6.0.1; SM-J106B Build/MMB29Q) AppleWebKit/537.36 (KHTML, like Gecko) Chrome/69.0.3497.100 Mobile Safari/537.36
Mozilla/5.0 (Linux; Android 7.0; SM-J730G Build/NRD90M) AppleWebKit/537.36 (KHTML, like Gecko) Chrome/67.0.3396.87 Mobile Safari/537.36
Mozilla/5.0 (Linux; Android 9; moto g(7) play) AppleWebKit/537.36 (KHTML, like Gecko) Chrome/70.0.3538.110 Mobile Safari/537.36
Mozilla/5.0 (Linux; Android 9; SM-G950U) AppleWebKit/537.36 (KHTML, like Gecko) Chrome/80.0.3987.162 Mobile Safari/537.36
Mozilla/5.0 (Linux; Android 8.0.0; moto e5 cruise) AppleWebKit/537.36 (KHTML, like Gecko) Chrome/78.0.3904.108 Mobile Safari/537.36
Mozilla/5.0 (Linux; Android 9; SM-A205U) AppleWebKit/537.36 (KHTML, like Gecko) Chrome/79.0.3945.136 Mobile Safari/537.36
Mozilla/5.0 (Linux; Android 10; SM-G975U) AppleWebKit/537.36 (KHTML, like Gecko) Chrome/81.0.4044.138 Mobile Safari/537.36
Mozilla/5.0 (Linux; Android 9; SM-G950U) AppleWebKit/537.36 (KHTML, like Gecko) Chrome/80.0.3987.149 Mobile Safari/537.36
Mozilla/5.0 (Linux; Android 6.0.1; SM-G532MT Build/MMB29T) AppleWebKit/537.36 (KHTML, like Gecko) Chrome/68.0.3440.91 Mobile Safari/537.36
Mozilla/5.0 (Linux; Android 8.1.0; U683CL) AppleWebKit/537.36 (KHTML, like Gecko) Chrome/70.0.3538.110 Mobile Safari/537.36
Mozilla/5.0 (Linux; Android 6.0; LG-K430 Build/MRA58K) AppleWebKit/537.36 (KHTML, like Gecko) Chrome/65.0.3325.109 Mobile Safari/537.36
Mozilla/5.0 (Linux; Android 10; SM-G975U) AppleWebKit/537.36 (KHTML, like Gecko) Chrome/80.0.3987.149 Mobile Safari/537.36
Mozilla/5.0 (Linux; Android 4.4.2; de-de; SAMSUNG SM-G800F Build/KOT49H) AppleWebKit/537.36 (KHTML, like Gecko) Version/1.6 Chrome/28.0.1500.94 Mobile Safari/537.36
Mozilla/5.0 (Linux; Android 7.0; PRA-LX3 Build/HUAWEIPRA-LX3) AppleWebKit/537.36 (KHTML, like Gecko) Chrome/69.0.3497.100 Mobile Safari/537.36
Mozilla/5.0 (Linux; Android 7.1.1; Android SDK built for x86 Build/NYC) AppleWebKit/537.36 (KHTML, like Gecko) Chrome/55.0.2883.91 Mobile Safari/537.36
Mozilla/5.0 (Linux; Android 8.0.0; moto g(6)) AppleWebKit/537.36 (KHTML, like Gecko) Chrome/70.0.3538.80 Mobile Safari/537.36
Mozilla/5.0 (Linux; Android 9; SM-A102U) AppleWebKit/537.36 (KHTML, like Gecko) Chrome/81.0.4044.117 Mobile Safari/537.36
Mozilla/5.0 (Linux; Android 8.1.0; SM-G610M) AppleWebKit/537.36 (KHTML, like Gecko) Chrome/70.0.3538.80 Mobile Safari/537.36
Mozilla/5.0 (Linux; Android 10; SM-G973U) AppleWebKit/537.36 (KHTML, like Gecko) Chrome/79.0.3945.93 Mobile Safari/537.36
Mozilla/5.0 (Linux; Android 5.0.1; ALE-L21 Build/HuaweiALE-L21) AppleWebKit/537.36 (KHTML, like Gecko) Version/4.0 Chrome/37.0.0.0 Mobile Safari/537.36
